season_id,episode_id,scene_id,utterance_id,speaker,emotion,tokens,transcript
trn,e24,c01,u002,Housekeeper,Neutral,"[['The', 'Waltham', 'Residence', '.']]",The Waltham Residence.
trn,e24,c01,u003,Phoebe Buffay,Neutral,"[['Oh', '...'], ['yes', '..'], ['is', 'this', '..'], ['umm', '..'], ['Emily', ""'s"", 'Parents', ""'"", 'house', '.']]",Oh...yes..is this..umm..Emily's Parents' house.
trn,e24,c01,u004,Housekeeper,Peaceful,"[['This', 'is', 'the', 'housekeeper', 'speaking', '.'], ['And', 'by', 'the', 'way', ',', 'young', 'lady', ',', 'that', 'is', 'not', 'how', 'one', 'addresses', 'a', 'person', 'on', 'the', 'telephone', '.'], ['First', 'one', 'identifies', 'oneself', 'and', 'then', 'asks', 'for', 'the', 'person', 'with', 'whom', 'one', 'wishes', 'to', 'speak', '.']]","This is the housekeeper speaking. And by the way, young lady, that is not how one addresses a person on the telephone. First one identifies oneself and then asks for the person with whom one wishes to speak."
trn,e24,c01,u005,Phoebe Buffay,Powerful,"[['What', 'are', 'you', 'saying', '?!']]",What are you saying?!
trn,e24,c01,u006,Housekeeper,Peaceful,"[['Now', ',', 'let', 'us', 'try', 'that', 'again', ',', 'shall', 'we', '?']]","Now, let us try that again, shall we?"
trn,e24,c01,u008,Phoebe Buffay,Scared,"[['No', '!'], ['Ooh', '!'], ['Oh', 'my', 'god', '!']]",No! Ooh! Oh my god!
trn,e24,c01,u009,Housekeeper,Neutral,"[['The', 'Waltham', 'Residence', '.']]",The Waltham Residence.
trn,e24,c01,u010,Phoebe Buffay,Neutral,"[['Hello', '.'], ['This', 'is', 'Phoebe', 'Buffay', '.'], ['I', 'was', 'wondering', ',', 'please', ',', 'if', '-', 'if', 'it', ""'s"", 'not', 'too', 'much', 'trouble', ',', 'please', ',', 'umm', ',', 'might', 'I', 'speak', 'to', 'Miss', 'Emily', 'Waltham', ',', 'please', '?']]","Hello. This is Phoebe Buffay. I was wondering, please, if-if it's not too much trouble, please, umm, might I speak to Miss Emily Waltham, please?"
trn,e24,c01,u011,Housekeeper,Sad,"[['Miss', 'Waltham', ',', 'is', 'at', 'the', 'rehearsal', 'dinner', 'and', 'it', ""'s"", 'not', 'polite', 'to', 'make', 'fun', 'of', 'people', '.'], ['Goodbye', '.']]","Miss Waltham, is at the rehearsal dinner and it's not polite to make fun of people. Goodbye."
trn,e24,c01,u012,Phoebe Buffay,Scared,"[['No', 'no', 'no', ',', 'I', ""'ll"", 'be', 'nice', ',', 'I', 'swear', '!!!'], ['Could', 'you', 'just', 'give', 'me', 'the', 'number', 'for', 'where', 'they', 'are', '?']]","No no no, I'll be nice, I swear!!! Could you just give me the number for where they are?"
trn,e24,c01,u013,Housekeeper,Neutral,"[['I', ""'m"", 'afraid', ',', 'I', ""'m"", 'not', 'at', 'liberty', 'to', 'divulge', 'that', 'information', '.']]","I'm afraid, I'm not at liberty to divulge that information."
trn,e24,c01,u014,Phoebe Buffay,Mad,"[['Ok', ',', 'somebody', 'is', 'on', 'their', 'way', 'to', 'ruin', 'wedding', 'okay', '.'], ['And', 'I', 'have', 'to', 'warn', 'somebody', ',', 'alright', '.'], ['So', 'if', 'you', 'do', ""n't"", 'give', 'me', 'that', 'number', 'then', 'I', ""'m"", 'going', 'to', 'come', 'over', 'there', 'and', 'kick', 'your', 'snooty', 'ass', 'all', 'the', 'way', 'to', 'New', 'Glocken', '..'], ['shire', '.']]","Ok, somebody is on their way to ruin wedding okay. And I have to warn somebody, alright. So if you don't give me that number then I'm going to come over there and kick your snooty ass all the way to New Glocken..shire."
trn,e24,c01,u015,Housekeeper,Scared,"[['Hangs', 'up', '.']]",Hangs up.
trn,e24,c01,u016,Phoebe Buffay,Powerful,"[['Hello', ',', 'Hello', '.'], ['Ohh', ',', 'OHH', ',', 'she', 'knew', 'I', 'could', 'kick', 'her', 'ass', '.']]","Hello, Hello. Ohh, OHH, she knew I could kick her ass."
trn,e24,c02,u002,Monica Geller,Neutral,"[['Hey', '.']]",Hey.
trn,e24,c02,u003,Ross Geller,Joyful,"[['Hi', '.'], ['Mom', '.'], ['Dad', '.']]",Hi. Mom. Dad.
trn,e24,c02,u004,Judy Geller,Sad,"[['Sweetheart', '.'], ['Oh', 'sorry', 'were', 'late', ',', 'my', 'fault', ',', 'I', 'insisted', 'on', 'riding', 'the', 'tube', '.']]","Sweetheart. Oh sorry were late, my fault, I insisted on riding the tube."
trn,e24,c02,u005,Jack Geller,Scared,"[['Judy', ',', 'the', 'kids', '..']]","Judy, the kids.."
trn,e24,c02,u006,Judy Geller,Peaceful,"[['Jack', ',', 'that', ""'s"", 'what', 'they', 'call', 'the', 'subway', '.']]","Jack, that's what they call the subway."
trn,e24,c02,u007,Jack Geller,Peaceful,"[['Ohh', ',', 'I', 'thought', 'that', 'you', '....']]","Ohh, I thought that you...."
trn,e24,c02,u008,Monica Geller,Scared,"[['Dad', ',', 'dad', '.'], ['We', 'got', 'it', '!!'], ['We', 'Got', 'It', '!!!']]","Dad, dad. We got it!! We Got It!!!"
trn,e24,c02,u009,Emily Waltham,Peaceful,"[['Ohh', ',', 'here', 'comes', 'my', 'dad', 'and', 'stepmum', '.'], ['Mister', 'and', 'Misses', 'Geller', ',', 'this', 'is', 'Steven', 'and', 'Andrea', 'Waltham', '.']]","Ohh, here comes my dad and stepmum. Mister and Misses Geller, this is Steven and Andrea Waltham."
trn,e24,c02,u010,Stephen Waltham,Joyful,"[['Hello', '.'], ['Hello', '.'], ['How', 'do', 'you', 'do', '?'], ['How', 'do', 'you', 'do', '?'], ['Very', 'nice', 'to', 'meet', 'you', '.'], ['Darling', 'it', ""'s"", 'the', 'Gellers', '.'], ['Darling', ',', 'it', ""'s"", 'the', 'Gellers', '.'], ['She', ""'s"", 'very', 'self-absorbed', ',', 'you', 'know', '.'], ['I', 'should', 'never', 'have', 'married', 'her', '.']]","Hello. Hello. How do you do? How do you do? Very nice to meet you. Darling it's the Gellers. Darling, it's the Gellers. She's very self-absorbed, you know. I should never have married her."
trn,e24,c02,u011,Andrea Waltham,Sad,"[['Sorry', ',', 'what', '?']]","Sorry, what?"
trn,e24,c02,u012,Stephen Waltham,Joyful,"[['It', ""'s"", 'the', 'Gellers', '!']]",It's the Gellers!
trn,e24,c02,u013,Andrea Waltham,Peaceful,"[['Where', '?']]",Where?
trn,e24,c02,u014,Stephen Waltham,Joyful,"[['Well', 'there', ""'s"", 'one', 'and', 'there', ""'s"", 'another', '.']]",Well there's one and there's another .
trn,e24,c02,u015,Andrea Waltham,Joyful,"[['Lovely', 'to', 'meet', 'you', '.']]",Lovely to meet you.
trn,e24,c02,u016,Stephen Waltham,Joyful,"[['Terribly', 'nice', 'of', 'you', 'to', 'offer', 'to', 'pay', 'for', 'half', 'the', 'wedding', '.']]",Terribly nice of you to offer to pay for half the wedding.
trn,e24,c02,u017,Jack Geller,Scared,"[['Ohh', 'forget', 'it', '.'], ['Too', 'hell', 'with', 'tradition', ',', 'we', ""'re"", 'happy', 'to', 'do', 'it', '.']]","Ohh forget it. Too hell with tradition, we're happy to do it."
trn,e24,c02,u018,Judy Geller,Joyful,"[['We', 'know', 'how', 'expensive', 'weddings', 'can', 'be', ',', 'besides', 'this', 'may', 'be', 'the', 'only', 'wedding', 'we', 'get', 'to', 'throw', '.']]","We know how expensive weddings can be, besides this may be the only wedding we get to throw ."
trn,e24,c02,u019,Monica Geller,Joyful,"[['Ha', 'ha', ',', 'a', 'joke', 'that', ""'s"", 'funny', 'in', 'all', 'countries', '.']]","Ha ha, a joke that's funny in all countries."
trn,e24,c03,u002,Waiter,Peaceful,"[['Sir', '?']]",Sir?
trn,e24,c03,u003,Joey Tribbiani,Peaceful,"[['What', ""'s"", 'in', 'it', '?']]",What's in it?
trn,e24,c03,u004,Waiter,Neutral,"[['Goat', 'cheese', ',', 'water', 'chestnuts', ',', 'and', 'panchetta', '.']]","Goat cheese, water chestnuts, and panchetta."
trn,e24,c03,u005,Joey Tribbiani,Peaceful,"[['That', ""'s"", 'not', 'food', '...'], ['No', ',', 'I', 'do', ""n't"", ',', 'no', '.'], ['..'], ['Everything', ""'s"", 'different', 'here', '...'], ['I', 'want', 'to', 'go', 'home', '.'], ['I', '...'], ['I', 'miss', 'my', 'family', '.'], ['I', 'miss', 'the', 'coffee', 'house', '.'], ['I', 'ca', ""n't"", 'even', 'remember', 'what', 'Phoebe', 'looks', 'like', '.']]","That's not food...No, I don't, no... Everything's different here...I want to go home. I...I miss my family. I miss the coffee house. I can't even remember what Phoebe looks like."
trn,e24,c03,u006,Chandler Bing,Peaceful,"[['Joey', ',', 'it', ""'s"", 'been', 'three', 'days', ',', 'okay', '..'], ['Your', 'just', 'a', 'little', 'homesick', ',', 'Okay', '.'], ['Would', 'you', 'just', 'try', 'to', 'relax', '.'], ['Just', ',', 'just', 'try', 'to', 'enjoy', 'yourself', '.']]","Joey, it's been three days, okay.. Your just a little homesick, Okay. Would you just try to relax. Just, just try to enjoy yourself."
trn,e24,c03,u007,Joey Tribbiani,Scared,"[['Your', 'different', 'here', 'too', '.'], ['Your', 'mean', 'in', 'England', '.']]",Your different here too. Your mean in England.
trn,e24,c03,u009,Jack Geller,Mad,"[['What', 'the', 'hell', '!!!']]",What the hell!!!
trn,e24,c03,u010,Ross Geller,Scared,"[['what', ""'s"", 'up', ',', 'Dad', '?']]","what's up, Dad?"
trn,e24,c03,u011,Jack Geller,Powerful,"[['This', 'bill', 'for', 'my', 'half', 'of', 'the', 'wedding', '.'], ['it', ""'s"", 'insane', '.']]",This bill for my half of the wedding. it's insane.
trn,e24,c03,u012,Judy Geller,Peaceful,"[['How', 'could', 'it', 'be', 'so', 'much', '?'], ['The', 'receptions', 'at', 'their', 'house', '.']]",How could it be so much? The receptions at their house.
trn,e24,c03,u013,Jack Geller,Mad,"[['Flowers', ',', 'liquor', ',', 'recarpet', 'first', 'floor', '.'], ['New', 'guest', 'bath', ',', 'landscaping', '.'], ['I', ""'m"", 'paying', 'to', 'remodel', 'this', 'guys', 'house', '.'], ['I', ""'m"", 'going', 'to', 'give', 'that', 'son', 'on', 'a', 'bitch', ',', 'a', 'piece', 'of', 'my', 'mind', '.']]","Flowers, liquor, recarpet first floor. New guest bath, landscaping. I'm paying to remodel this guys house. I'm going to give that son on a bitch, a piece of my mind."
trn,e24,c03,u014,Ross Geller,Peaceful,"[['Dad', ',', 'dad', ',', 'please', '.'], ['Look', 'I', 'do', ""n't"", 'want', 'anything', 'to', 'upset', 'Emily', 'tonight', '.'], ['Alright', ',', 'she', ""'s"", 'had', 'a', 'hard', 'enough', 'couple', 'of', 'days', 'as', 'it', 'is', '.'], ['Now', 'here', ',', 'here', ',', 'let', 'me', 'go', 'talk', 'to', 'him', ',', 'okay', '?']]","Dad, dad, please. Look I don't want anything to upset Emily tonight. Alright, she's had a hard enough couple of days as it is. Now here, here, let me go talk to him, okay?"
trn,e24,c03,u015,Jack Geller,Scared,"[['And', 'you', 'tell', 'him', 'no', 'one', 'takes', 'advantage', 'of', 'the', 'Gellers', '.']]",And you tell him no one takes advantage of the Gellers.
trn,e24,c03,u016,Judy Geller,Peaceful,"[['Ooh', ',', 'Jack', '....'], ['Sometimes', 'I', 'forget', 'how', 'powerful', 'you', 'can', 'be', '.']]","Ooh, Jack.... Sometimes I forget how powerful you can be."
trn,e24,c03,u017,Monica Geller,Sad,"[['And', 'I', ""'m"", 'going', 'to', 'go', 'get', 'drunk', '.']]",And I'm going to go get drunk.
trn,e24,c04,u002,Rachel Green,Peaceful,"[['Ooh', ',', 'ooh', ',', 'ooh', ',', 'ooh', ',', 'ooh', '.'], ['Hi', '.']]","Ooh, ooh, ooh,ooh,ooh. Hi."
trn,e24,c04,u003,Ticket Agent,Joyful,"[['Hello', '.']]",Hello.
trn,e24,c04,u004,Rachel Green,Scared,"[['Hello', '.'], ['Umm', ',', 'when', 'is', 'your', 'next', 'flight', 'to', 'London', '?']]","Hello. Umm, when is your next flight to London?"
trn,e24,c04,u005,Ticket Agent,Neutral,"[['There', ""'s"", 'one', 'leaving', 'in', 'thirty', 'minutes', '.']]",There's one leaving in thirty minutes.
trn,e24,c04,u006,Rachel Green,Joyful,"[['Ohh', ',', 'good', '.']]","Ohh, good."
trn,e24,c04,u007,Ticket Agent,Neutral,"[['And', 'I', 'do', 'have', 'one', 'seat', 'left', '.']]",And I do have one seat left.
trn,e24,c04,u008,Rachel Green,Joyful,"[['Ohh', ',', 'thank', 'you', ',', 'thank', 'you', ',', 'thank', 'you', '.']]","Ohh, thank you, thank you, thank you."
trn,e24,c04,u009,Ticket Agent,Neutral,"[['The', 'last', 'minute', 'fare', 'on', 'this', 'ticket', 'is', 'twenty', 'seven', 'hundred', 'dollars', '.']]",The last minute fare on this ticket is twenty seven hundred dollars.
trn,e24,c04,u010,Rachel Green,Sad,"[['Huh', '..'], ['How', 'about', '600', '?']]",Huh.. How about 600?
trn,e24,c04,u011,Ticket Agent,Joyful,"[['Sorry', '.']]",Sorry.
trn,e24,c04,u012,Rachel Green,Peaceful,"[['How', 'about', '600', 'and', 'these', 'earrings', '?']]",How about 600 and these earrings?
trn,e24,c04,u013,Ticket Agent,Neutral,"[['They', 'prefer', 'it', 'if', 'I', 'do', ""n't"", 'barter', '.']]",They prefer it if I don't barter.
trn,e24,c04,u014,Rachel Green,Scared,"[['Ohh', ',', 'I', 'just', 'do', ""n't"", 'think', 'I', 'have', 'enough', 'left', 'on', 'my', 'credit', 'card', '.']]","Ohh, I just don't think I have enough left on my credit card."
trn,e24,c04,u015,Ticket Agent,Neutral,"[['Well', 'you', 'can', 'split', 'it', 'with', 'another', 'credit', 'card', '.']]",Well you can split it with another credit card.
trn,e24,c04,u016,Rachel Green,Scared,"[['Ohh', ',', 'okay', ',', 'how', 'about', 'five', '.'], ['Ohh', ',', 'thank', 'you', '.']]","Ohh, okay, how about five. Ohh, thank you."
trn,e24,c04,u017,Ticket Agent,Powerful,"[['I', ""'m"", 'just', 'going', 'to', 'need', 'to', 'see', 'your', 'passport', '.']]",I'm just going to need to see your passport.
trn,e24,c04,u018,Rachel Green,Scared,"[['Okay', ',', 'you', 'know', 'what', '?'], ['I', 'do', ""n't"", 'have', 'it', ',', 'but', 'I', 'can', 'tell', 'you', 'exactly', 'where', 'it', 'is', 'on', 'my', 'night', 'stand', ',', 'and', '...'], ['okay', '.'], ['But', 'you', 'know', 'what', '?'], ['I', 'have', 'my', 'drivers', 'license', 'and', 'I', 'have', 'a', 'twenty', '.']]","Okay, you know what? I don't have it, but I can tell you exactly where it is on my night stand, and...okay. But you know what? I have my drivers license and I have a twenty."
trn,e24,c05,u002,Ross Geller,Powerful,"[['Look', ',', 'face', 'it', ',', 'my', 'father', 'is', 'not', 'going', 'to', 'pay', 'for', 'the', 'build', '-', 'in', 'barbecue', 'and', 'believe', 'me', 'you', 'can', 'kiss', 'you', 'gazebo', 'goodbye', '.'], ['Now', 'I', 'might', 'be', 'able', 'to', 'get', 'you', 'the', 'new', 'lawn', '.']]","Look, face it, my father is not going to pay for the build-in barbecue and believe me you can kiss you gazebo goodbye. Now I might be able to get you the new lawn."
trn,e24,c05,u003,Stephen Waltham,Neutral,"[['Ahh', ',', 'then', 'you', 'have', 'to', 'give', 'us', 'the', 'lawn', 'ornaments', '.']]","Ahh, then you have to give us the lawn ornaments."
trn,e24,c05,u004,Ross Geller,Mad,"[['I', 'go', 'back', 'there', 'with', 'lawn', 'ornaments', ',', 'he', ""'s"", 'going', 'to', 'laugh', 'in', 'my', 'face', '.']]","I go back there with lawn ornaments, he's going to laugh in my face."
trn,e24,c05,u005,Andrea Waltham,Mad,"[['This', 'is', 'ridiculous', '.'], ['I', 'mean', 'we', 'had', 'an', 'agreement', '.'], ['Will', 'you', 'say', 'something', ',', 'Steven', '?!'], ['Please', '!!!']]","This is ridiculous. I mean we had an agreement. Will you say something, Steven?! Please!!!"
trn,e24,c05,u006,Stephen Waltham,Powerful,"[['Do', ""n't"", 'take', 'that', 'tone', 'with', 'me', '.'], ['All', '-', 'all', 'right', 'you', 'can', '.']]",Don't take that tone with me. All-all right you can.
trn,e24,c07,u002,Chandler Bing,Joyful,"[['I', ""'d"", 'like', 'to', 'toast', ',', 'Ross', 'and', 'Emily', '.'], ['Of', 'course', ',', 'my', 'big', 'toast', 'will', 'be', 'tomorrow', 'at', 'the', 'wedding', ',', 'so', 'this', 'is', 'kind', 'of', 'my', 'little', 'toast', 'or', 'Melba', 'toast', ',', 'if', 'you', 'will', '.'], ['Okay', '.'], ['I', 'known', 'Ross', 'for', 'a', 'long', 'time', '.'], ['In', 'fact', ',', 'I', 'knew', 'him', 'when', 'he', 'was', 'going', 'out', 'with', 'his', 'first', 'girlfriend', '.'], ['And', 'I', 'thought', 'things', 'were', 'going', 'to', 'work', 'out', 'for', 'him', '..'], ['Until', 'the', 'day', 'he', 'over', 'inflated', 'her', '.'], ['Ohh', ',', 'Dear', 'God', '..']]","I'd like to toast, Ross and Emily. Of course, my big toast will be tomorrow at the wedding, so this is kind of my little toast or Melba toast, if you will. Okay. I known Ross for a long time. In fact, I knew him when he was going out with his first girlfriend. And I thought things were going to work out for him.. Until the day he over inflated her. Ohh, Dear God.."
trn,e24,c07,u003,Andrea Waltham,Peaceful,"[['Hello', ',', 'Waltham', 'Interiors', '.']]","Hello, Waltham Interiors."
trn,e24,c07,u004,Phoebe Buffay,Peaceful,"[['Oh', ',', 'hi', ',', 'Mrs.', 'Waltham', '.'], ['I', 'need', 'to', 'speak', 'with', 'ether', 'one', 'of', 'the', 'best', 'men', ',', 'or', 'Ross', ""'s"", 'sister', 'Monica', '.']]","Oh, hi, Mrs. Waltham. I need to speak with ether one of the best men, or Ross's sister Monica."
trn,e24,c07,u005,Andrea Waltham,Joyful,"[['Who', 'is', 'this', '?']]",Who is this?
trn,e24,c07,u006,Phoebe Buffay,Peaceful,"[['Oh', ',', 'I', ""'m"", 'Phoebe', 'Buffay', '.'], ['I', ""'m"", 'one', 'of', 'Ross', ""'s"", 'best', 'friends', '.']]","Oh, I'm Phoebe Buffay. I'm one of Ross's best friends."
trn,e24,c07,u007,Andrea Waltham,Scared,"[['Where', 'did', 'you', 'get', 'this', 'number', '?']]",Where did you get this number?
trn,e24,c07,u008,Phoebe Buffay,Scared,"[['I', 'got', 'it', 'from', 'your', 'maid', '.'], ['She', ""'s"", 'a', 'bitch', ',', 'but', 'I', 'wore', 'her', 'down', '.']]","I got it from your maid. She's a bitch, but I wore her down."
trn,e24,c07,u009,Andrea Waltham,Powerful,"[['Well', ',', 'if', 'you', ""'re"", 'one', 'of', 'Ross', ""'s"", 'best', 'friends', ',', 'why', 'are', ""n't"", 'you', 'here', '?']]","Well, if you're one of Ross's best friends, why aren't you here?"
trn,e24,c07,u010,Phoebe Buffay,Peaceful,"[['Yeah', ',', 'um', ',', 'I', 'ca', ""n't"", 'fly', '.'], ['I', ""'m"", 'having', 'my', 'brother', ""'s"", 'babies', '.']]","Yeah, um, I can't fly. I'm having my brother's babies."
trn,e24,c07,u011,Andrea Waltham,Joyful,"[['Oh', ',', 'am', 'I', 'on', 'the', 'radio', '?']]","Oh, am I on the radio?"
trn,e24,c07,u012,Phoebe Buffay,Scared,"[['No', '..'], ['umm', ',', 'could', 'I', 'talk', 'to', 'one', 'of', 'them', '?'], ['It', ""'s"", 'very', 'very', 'important', '.']]","No..umm, could I talk to one of them? It's very very important."
trn,e24,c07,u013,Andrea Waltham,Sad,"[['No', ',', 'I', ""'m"", 'bored', 'with', 'you', 'now', '.'], ['I', ""'m"", 'going', 'to', 'cut', 'you', 'off', '.']]","No, I'm bored with you now. I'm going to cut you off."
trn,e24,c07,u014,Phoebe Buffay,Mad,"[['Ohh', '!'], ['Okay', ',', 'I', ""'m"", 'going', 'to', 'have', 'to', 'kick', 'her', 'ass', 'too', '.']]","Ohh! Okay, I'm going to have to kick her ass too."
trn,e24,c07,u015,Chandler Bing,Joyful,"[['And', 'I', ""'m"", 'sure', 'we', ""'re"", 'all', 'very', 'excited', 'that', 'Ross', 'and', 'Emily', 'are', 'getting', 'married', 'at', 'Montgomery', 'Hall', '.'], ['I', 'mean', 'to', 'think', ',', 'my', 'friend', 'getting', 'married', 'in', 'Monty', 'Hall', '.'], ['Ohh', ',', 'come', 'on', '!!'], ['Monty', 'Hall', '!!'], ['Let', 's', 'make', 'a', 'Deal', '!!'], ['Come', 'on', ',', 'you', 'people', '!!'], ['All', 'right', ',', 'forget', 'it', '!!'], ['Congratulations', ',', 'Ross', 'and', 'Emily', '.']]","And I'm sure we're all very excited that Ross and Emily are getting married at Montgomery Hall. I mean to think, my friend getting married in Monty Hall. Ohh, come on!! Monty Hall!! Lets make a Deal!! Come on, you people!! All right, forget it!! Congratulations, Ross and Emily."
trn,e24,c07,u016,Joey Tribbiani,Scared,"[['Hey', ',', 'best', 'man', 'number', 'two', ',', 'Joey', 'Tribbiani', '.'], ['Now', 'I', ""'m"", 'not', 'good', 'with', 'the', 'jokes', 'like', 'Chandler', 'here', '.'], ['Boy', '...'], ['but', 'ahh', ',', 'I', 'just', 'want', 'to', 'say', 'congratulation', 'to', 'the', 'happy', 'couple', '.'], ['I', 'first', 'met', 'Ross', 'in', 'this', 'coffee', 'house', 'back', 'home', '...'], ['Home', '...'], ['New', 'York', 'City', '...'], ['Where', 'everybody', 'knows', 'my', 'name', '.'], ['Well', 'anyway', ',', 'I', 'love', 'you', 'guys', '.'], ['But', 'not', 'as', 'much', 'as', 'I', 'love', 'America', '.'], ['Could', 'we', 'please', '..'], ['go', 'home', 'now', '?']]","Hey, best man number two, Joey Tribbiani. Now I'm not good with the jokes like Chandler here. Boy...but ahh, I just want to say congratulation to the happy couple. I first met Ross in this coffee house back home...Home...New York City...Where everybody knows my name. Well anyway, I love you guys. But not as much as I love America. Could we please..go home now?"
trn,e24,c07,u018,Felicity,Joyful,"[['Are', 'you', 'going', 'home', '?'], ['I', 'was', 'hoping', 'to', 'get', 'to', 'know', 'you', 'better', '.']]",Are you going home? I was hoping to get to know you better.
trn,e24,c07,u019,Joey Tribbiani,Joyful,"[['I', ""'m"", 'not', 'going', 'anywhere', ',', 'sweetheart', '.']]","I'm not going anywhere, sweetheart."
trn,e24,c08,u002,Monica Geller,Joyful,"[['I', 'was', 'laughing', '.']]",I was laughing.
trn,e24,c08,u003,Chandler Bing,Joyful,"[['Out', 'loud', '?']]",Out loud?
trn,e24,c08,u004,Monica Geller,Powerful,"[['Well', 'I', 'did', ""n't"", 'want', 'everyone', 'to', 'think', 'I', 'was', 'stupid', '.']]",Well I didn't want everyone to think I was stupid.
trn,e24,c08,u005,Chandler Bing,Joyful,"[['So', 'how', 'are', 'you', 'doing', '?']]",So how are you doing?
trn,e24,c08,u006,Monica Geller,Joyful,"[['My', 'mother', ""'s"", 'driving', 'me', 'crazy', ',', 'but', 'Ross', 'is', 'getting', 'married', '.'], ['I', ""'m"", 'happy', '.'], ['I', ""'m"", 'not', 'going', 'to', 'let', 'anything', 'spoil', 'that', '.']]","My mother's driving me crazy, but Ross is getting married. I'm happy. I'm not going to let anything spoil that."
trn,e24,c08,u007,Drunk Man,Peaceful,"[['I', 'just', 'want', 'to', 'say', 'that', 'Ross', 'is', 'a', 'wonderful', 'young', 'man', '.']]",I just want to say that Ross is a wonderful young man.
trn,e24,c08,u008,Monica Geller,Powerful,"[['Well', ',', 'thanks', ',', 'we', 'like', 'him', '.']]","Well, thanks, we like him."
trn,e24,c08,u009,Drunk Man,Scared,"[['My', 'god', '!!'], ['You', 'must', 'have', 'been', 'a', 'teenage', 'when', 'you', 'had', 'him', '.']]",My god!! You must have been a teenage when you had him.
trn,e24,c08,u011,Jack Geller,Mad,"[['There', ""'s"", 'no', 'way', 'in', 'hell', ',', 'I', ""'m"", 'paying', 'for', 'it', '.']]","There's no way in hell, I'm paying for it."
trn,e24,c08,u012,Ross Geller,Joyful,"[['Look', ',', 'were', 'down', 'to', 'just', 'one', 'point', '.'], ['Could', 'we', 'please', ',', 'maybe', 'just', 'settle', 'it', 'after', 'the', 'wedding', '.']]","Look, were down to just one point. Could we please, maybe just settle it after the wedding."
trn,e24,c08,u013,Jack Geller,Powerful,"[['All', '-', 'right', 'fine', ',', 'but', 'I', 'just', 'want', 'to', 'say', ',', 'I', ""'m"", 'not', 'paying', 'for', 'your', 'wine', 'cellar', '.'], ['You', 'thieving', ',', 'would', 'be', 'speaking', 'German', 'if', 'it', 'were', ""n't"", 'for', 'us', ',', 'cheap', 'little', 'man', '.']]","All-right fine, but I just want to say, I'm not paying for your wine cellar. You thieving, would be speaking German if it weren't for us, cheap little man."
trn,e24,c08,u015,Chandler Bing,Powerful,"[['The', 'guy', 'was', 'hammered', ',', 'okay', '?'], ['There', ""'s"", 'no', 'way', ',', 'you', 'look', 'like', 'Ross', ""'s"", 'mother', '.']]","The guy was hammered, okay? There's no way, you look like Ross's mother."
trn,e24,c08,u016,Monica Geller,Mad,"[['Then', 'why', 'would', 'he', 'say', 'it', '?']]",Then why would he say it?
trn,e24,c08,u017,Chandler Bing,Powerful,"[['Because', 'he', ""'s"", 'crazy', '.'], ['Okay', '?'], ['He', 'came', 'up', 'to', 'me', 'earlier', 'and', 'thanked', 'me', 'for', 'my', 'very', 'moving', 'performance', 'in', 'Titanic', '.']]",Because he's crazy. Okay? He came up to me earlier and thanked me for my very moving performance in Titanic.
trn,e24,c08,u018,Monica Geller,Sad,"[['Oh', ',', 'my', 'mother', ""'s"", 'right', '.'], ['I', ""'m"", 'never', 'going', 'to', 'get', 'married', '.']]","Oh, my mother's right. I'm never going to get married."
trn,e24,c08,u019,Chandler Bing,Powerful,"[['Ahh', ',', 'you', 'know', 'what', '?'], ['That', 'is', '....'], ['Who', 'would', ""n't"", 'want', 'you', '?']]","Ahh, you know what? That is....Who wouldn't want you?"
trn,e24,c08,u020,Monica Geller,Peaceful,"[['Ohh', ',', 'Please', '?!'], ['I', ""'m"", 'a', 'single', 'mom', ',', 'with', 'a', 'thirty', 'year', 'old', 'son', '!!']]","Ohh, Please?! I'm a single mom, with a thirty year old son!!"
trn,e24,c09,u002,Rachel Green,Neutral,"[['Hi', ',', 'I', ""'m"", 'back', '.'], ['Listen', ',', 'I', 'need', 'to', '...']]","Hi, I'm back. Listen, I need to..."
trn,e24,c09,u003,Ticket Agent,Neutral,"[['Hello', '.']]",Hello.
trn,e24,c09,u004,Rachel Green,Neutral,"[['Hello', '.'], ['I', 'need', 'to', 'get', 'on', 'the', '11', ""o'clock"", 'flight', '.']]",Hello. I need to get on the 11 o'clock flight.
trn,e24,c09,u005,Ticket Agent,Neutral,"[['Oh', 'I', ""'m"", 'afraid', 'that', 'plane', 'has', 'already', 'pulled', 'away', 'from', 'the', 'gate', '.']]",Oh I'm afraid that plane has already pulled away from the gate.
trn,e24,c09,u006,Rachel Green,Powerful,"[['Okay', ',', 'you', 'know', 'what', '?'], ['You', ""'re"", 'going', 'to', 'have', 'to', 'call', 'that', 'plane', 'and', 'tell', 'them', 'to', 'swing', 'around', 'and', 'come', 'and', 'pick', 'me', 'up', '.']]","Okay, you know what? You're going to have to call that plane and tell them to swing around and come and pick me up."
trn,e24,c09,u007,Ticket Agent,Neutral,"[['I', 'ca', ""n't"", 'do', 'that', '.']]",I can't do that.
trn,e24,c09,u008,Rachel Green,Scared,"[['Sure', ',', 'you', 'know', 'what', '?'], ['Come', 'on', ',', 'we', ""'ll"", 'just', 'tell', 'them', 'that', 'there', 'was', 'like', 'a', 'problem', 'with', 'like', 'the', '""', 'engine', '""', '.']]","Sure, you know what? Come on, we'll just tell them that there was like a problem with like the ""engine""."
trn,e24,c09,u009,Ticket Agent,Neutral,"[['I', ""'m"", 'afraid', 'I', ""'m"", 'going', 'to', 'have', 'to', 'ask', 'you', 'to', 'step', 'aside', ',', 'Miss.']]","I'm afraid I'm going to have to ask you to step aside, Miss."
trn,e24,c09,u010,Rachel Green,Neutral,"[['Look', ',', 'If', 'I', 'do', ""n't"", 'get', 'to', 'London', '!!'], ['He', 'is', 'going', 'to', 'marry', 'that', 'other', 'girl', '!!!']]","Look, If I don't get to London!! He is going to marry that other girl!!!"
trn,e24,c09,u011,Ticket Agent,Neutral,"[['I', 'ca', ""n't"", 'imagine', 'why', '.']]",I can't imagine why.
trn,e24,c09,u012,Rachel Green,Powerful,"[['All', 'right', ',', 'you', 'know', 'what', '?'], ['I', 'am', 'not', 'leaving', 'here', ',', 'until', 'you', 'call', 'that', 'plane', 'back', '!!']]","All right, you know what? I am not leaving here, until you call that plane back!!"
trn,e24,c10,u002,Ross Geller,Joyful,"[['I', ""'m"", 'getting', 'married', 'today', '!!'], ['Whoo', '-', 'hoo', '!!']]",I'm getting married today!! Whoo-hoo!!
trn,e24,c10,u003,Chandler Bing,Neutral,"[['Morning', ',', 'Ross', '.']]","Morning, Ross."
trn,e24,c10,u004,Ross Geller,Joyful,"[['I', ""'m"", 'getting', 'married', ',', 'to', '..'], ['day', '!!']]","I'm getting married, to..day!!"
trn,e24,c10,u005,Chandler Bing,Joyful,"[['Yeah', 'you', 'are', '!!']]",Yeah you are!!
trn,e24,c10,u006,Ross Geller,Joyful,"[['Ahh', ',', 'whoo', '-', 'hoo', '!!']]","Ahh, whoo-hoo!!"
trn,e24,c10,u007,Monica Geller,Scared,"[['Do', 'you', 'think', 'he', 'knew', 'I', 'was', 'here', '?']]",Do you think he knew I was here?
trn,e24,c11,u002,Rachel Green,Neutral,"[['Ohhh', '.']]",Ohhh.
trn,e24,c11,u003,Passenger,Powerful,"[['Ahh', ',', 'ahh', ',', 'excuse', 'me', '.']]","Ahh, ahh, excuse me."
trn,e24,c11,u004,Rachel Green,Peaceful,"[['Yeah', '?']]",Yeah?
trn,e24,c11,u005,Passenger,Neutral,"[['If', 'you', ""'re"", 'planning', 'on', 'doing', 'that', 'throughout', 'the', 'entire', 'flight', '.'], ['Please', 'tell', 'me', 'now', '.'], ['So', 'that', 'I', 'could', 'that', 'a', 'sedative', '...'], ['or', 'perhaps', 'slip', 'you', 'one', '.']]",If you're planning on doing that throughout the entire flight. Please tell me now. So that I could that a sedative...or perhaps slip you one.
trn,e24,c11,u006,Rachel Green,Sad,"[['Oh', '.'], ['I', ""'m"", 'sorry', '.'], ['I', ""'m"", 'very', 'sorry', '.'], ['Sorry', '.'], ['It', ""'s"", 'just', ',', 'I', ""'m"", 'ahh', ',', 'I', ""'m"", 'kinda', 'excited', '.'], ['I', ""'m"", ',', 'ahh', ',', 'going', 'to', 'London', 'to', 'ahh', ',', 'tell', 'this', 'guy', 'that', 'I', 'love', 'him', 'and', '...']]","Oh. I'm sorry. I'm very sorry. Sorry. It's just, I'm ahh, I'm kinda excited. I'm, ahh, going to London to ahh, tell this guy that I love him and..."
trn,e24,c12,u002,Chandler Bing,Scared,"[['Well', 'I', ""'ve"", '-', 'I', ""'ve"", 'never', 'done', 'that', 'with', 'you', 'before', '.']]",Well I've-I've never done that with you before.
trn,e24,c12,u003,Monica Geller,Scared,"[['Nope', '.']]",Nope.
trn,e24,c12,u004,Chandler Bing,Scared,"[['So', ',', 'ahh', ',', 'how', 'are', 'ya', '?'], ['How', 'ya', '...'], ['How', 'ya', '...'], ['You', 'okay', '?']]","So, ahh, how are ya? How ya...How ya... You okay?"
trn,e24,c12,u005,Monica Geller,Scared,"[['Yep', ',', 'yep', '...'], ['You', '?']]","Yep, yep...You?"
trn,e24,c12,u006,Chandler Bing,Scared,"[['Yes', '...'], ['Yes', '..'], ['Uh', '-', 'huh', ',', 'You', '?'], ['We', 'did', 'you', '.']]","Yes...Yes..Uh-huh, You? We did you."
trn,e24,c12,u007,Monica Geller,Scared,"[['Well', '...'], ['I', ""'d"", 'better', 'get', 'going', '.']]",Well...I'd better get going.
trn,e24,c12,u008,Chandler Bing,Joyful,"[['Oh', 'yea', 'yea', ',', 'absolutely', '.']]","Oh yea yea, absolutely."
trn,e24,c12,u009,Monica Geller,Scared,"[['Could', 'you', 'not', 'look', '?']]",Could you not look?
trn,e24,c12,u010,Chandler Bing,Scared,"[['I', 'do', ""n't"", 'want', 'to', 'look', '.']]",I don't want to look.
trn,e24,c13,u002,Joey Tribbiani,Peaceful,"[['Hello', '?']]",Hello?
trn,e24,c13,u003,Phoebe Buffay,Joyful,"[['Hey', ',', 'were', 'the', 'hell', 'have', 'you', 'been', '?!']]","Hey, were the hell have you been?!"
trn,e24,c13,u004,Joey Tribbiani,Peaceful,"[['Hey', '.'], ['I', 'spent', 'the', 'night', 'out', '.'], ['I', 'met', 'this', 'cute', 'bridesmaid', '.'], ['She', 'is', 'so', '...']]",Hey. I spent the night out. I met this cute bridesmaid. She is so...
trn,e24,c13,u005,Phoebe Buffay,Mad,"[['I', 'do', ""n't"", 'want', 'to', 'hear', 'about', 'her', '!!']]",I don't want to hear about her!!
trn,e24,c13,u006,Joey Tribbiani,Scared,"[['Ahh', 'Pheebs', ',', 'you', 'know', 'you', ""'re"", 'still', 'my', 'number', 'one', 'girl', '.']]","Ahh Pheebs, you know you're still my number one girl."
trn,e24,c13,u007,Phoebe Buffay,Mad,"[['No', '!'], ['No', ',', 'we', 'have', 'an', 'emergency', '.'], ['Okay', '?'], ['Rachel', ""'s"", 'coming', 'to', 'London', '.']]","No! No, we have an emergency. Okay? Rachel's coming to London."
trn,e24,c13,u008,Joey Tribbiani,Joyful,"[['Ohh', 'great', '!!!']]",Ohh great!!!
trn,e24,c13,u009,Phoebe Buffay,Mad,"[['No', 'it', ""'s"", 'not', 'great', '.'], ['No', ',', 'she', ""'s"", 'coming', 'to', 'tell', 'Ross', 'that', 'she', 'loves', 'him', '.']]","No it's not great. No, she's coming to tell Ross that she loves him."
trn,e24,c13,u010,Joey Tribbiani,Joyful,"[['But', ',', 'he', 'loves', 'Emily', '?']]","But, he loves Emily?"
trn,e24,c13,u011,Phoebe Buffay,Joyful,"[['I', 'KNOW', 'THAT', '!!!'], ['You', 'have', 'to', 'stop', 'her', '!!'], ['She', ""'s"", 'going', 'to', 'ruin', 'the', 'wedding', '!!']]",I KNOW THAT!!! You have to stop her!! She's going to ruin the wedding!!
trn,e24,c13,u012,Joey Tribbiani,Powerful,"[['Okay', '.']]",Okay.
trn,e24,c13,u013,Phoebe Buffay,Peaceful,"[['All', 'right', ',', 'so', ',', 'okay', '...']]","All right, so, okay..."
trn,e24,c13,u014,Joey Tribbiani,Peaceful,"[['Hold', 'on', '.'], ['Hold', 'on', '.'], ['Rachel', 'coming', '.'], ['Do', '...'], ['Something', '.']]",Hold on. Hold on. Rachel coming. Do...Something.
trn,e24,c13,u015,Phoebe Buffay,Powerful,"[['Okay', ',', 'so', 'I', ""'m"", 'done', 'my', 'part', ',', 'okay', '.'], ['It', ""'s"", 'your', 'responsibility', 'now', ',', 'okay', '.'], ['The', 'burden', 'is', 'off', 'me', ',', 'right', '?']]","Okay, so I'm done my part, okay. It's your responsibility now, okay. The burden is off me, right?"
trn,e24,c13,u016,Joey Tribbiani,Powerful,"[['Right', '!']]",Right!
trn,e24,c13,u017,Phoebe Buffay,Joyful,"[['So', 'tell', 'me', 'about', 'this', 'girl', '?']]",So tell me about this girl?
trn,e24,c14,u002,Rachel Green,Powerful,"[['...'], ['And', 'so', 'then', 'I', 'realised', '.'], ['All', 'this', 'stuff', 'I', 'had', 'been', 'doing', '.'], ['proposing', 'to', 'Joshua', ',', 'lying', 'to', 'Ross', 'about', 'why', 'I', 'could', ""n't"", 'come', 'to', 'the', 'wedding', '.'], ['Was', 'all', 'just', 'a', 'way', 'of', '...']]","...And so then I realised. All this stuff I had been doing. proposing to Joshua, lying to Ross about why I couldn't come to the wedding. Was all just a way of..."
trn,e24,c14,u003,Passenger,Mad,"[['Oh', ',', 'oh', 'oh', '!!'], ['I', ""'m"", 'sorry', ',', 'can', 'I', 'interrupt', '?'], ['You', 'know', 'I', 'just', 'want', 'to', 'say', '..'], ['That', 'you', 'are', 'a', 'horrible', ',', 'horrible', 'person', '.']]","Oh, oh oh!! I'm sorry, can I interrupt? You know I just want to say..That you are a horrible, horrible person."
trn,e24,c14,u004,Rachel Green,Mad,"[['Ehh', ',', 'pardon', 'me', '?']]","Ehh, pardon me?"
trn,e24,c14,u005,Passenger,Peaceful,"[['You', 'say', 'you', 'love', 'this', 'man', ',', 'yet', 'you', ""'re"", 'about', 'to', 'ruin', 'the', 'happiest', 'day', 'of', 'his', 'life', '.'], ['I', ""'m"", 'afraid', 'I', 'have', 'to', 'agree', 'with', 'you', 'friend', 'Pheebs', '..'], ['This', 'is', 'a', '..'], ['this', 'is', 'a', '...'], ['terrible', ',', 'terrible', 'plan', '.']]","You say you love this man, yet you're about to ruin the happiest day of his life. I'm afraid I have to agree with you friend Pheebs.. This is a..this is a...terrible, terrible plan."
trn,e24,c14,u006,Rachel Green,Scared,"[['But', 'he', 'has', 'to', 'know', 'how', 'I', 'feel', '!']]",But he has to know how I feel!
trn,e24,c14,u007,Passenger,Neutral,"[['But', 'why', '?'], ['He', 'loves', 'this', '...'], ['this', 'Emily', 'person', '.'], ['No', 'good', 'can', 'come', 'of', 'this', '.']]",But why? He loves this...this Emily person. No good can come of this.
trn,e24,c14,u008,Rachel Green,Peaceful,"[['Well', 'I', '-', 'I', 'think', 'your', 'wrong', '.']]",Well I-I think your wrong.
trn,e24,c14,u009,Passenger,Mad,"[['Oh', '-', 'no', '.']]",Oh-no.
trn,e24,c14,u010,Rachel Green,Powerful,"[['Well', ',', 'he', 'does', ""n't"", 'really', 'love', 'her', '.'], ['I', 'mean', ',', 'it', ""'s"", 'just', 'a', 'rebound', 'thing', 'from', 'me', '....'], ['You', ""'ll"", 'see', '!']]","Well, he doesn't really love her. I mean, it's just a rebound thing from me.... You'll see!"
trn,e24,c14,u011,Passenger,Neutral,"[['Fortunately', ',', 'I', 'wo', ""n't"", '.'], ['And', 'by', 'the', 'way', ',', 'it', 'seems', 'to', 'be', 'perfectly', 'clear', 'that', 'you', 'were', 'on', 'a', 'break', '.']]","Fortunately, I won't. And by the way, it seems to be perfectly clear that you were on a break."
trn,e24,c15,u002,Joey Tribbiani,Neutral,"[['Do', 'something', '.....'], ['Something', '....']]",Do something..... Something....
trn,e24,c15,u004,Joey Tribbiani,Neutral,"[['Hey', '.']]",Hey.
trn,e24,c15,u005,Chandler Bing,Neutral,"[['Hey', '.']]",Hey.
trn,e24,c15,u006,Joey Tribbiani,Neutral,"[['Have', 'you', 'seen', 'Monica', '?']]",Have you seen Monica?
trn,e24,c15,u007,Chandler Bing,Mad,"[['I', ""'m"", 'not', 'seeing', 'Monica', '.']]",I'm not seeing Monica.
trn,e24,c15,u008,Joey Tribbiani,Scared,"[['What', '?']]",What?
trn,e24,c15,u009,Chandler Bing,Scared,"[['What', '?']]",What?
trn,e24,c15,u010,Joey Tribbiani,Scared,"[['Look', 'we', ""'ve"", 'got', 'to', 'find', 'her', '.'], ['Phoebe', 'just', 'called', '!!'], ['Rachel', ""'s"", 'coming', 'to', 'tell', 'Ross', 'she', 'loves', 'him', '!!']]",Look we've got to find her. Phoebe just called!! Rachel's coming to tell Ross she loves him!!
trn,e24,c15,u011,Chandler Bing,Powerful,"[['Oh', 'my', 'god', '!']]",Oh my god!
trn,e24,c15,u012,Joey Tribbiani,Scared,"[['I', 'know', '!'], ['That', ""'s"", 'why', 'we', 'got', 'to', 'find', 'Monica', '!!'], ['You', 'know', 'where', 'she', 'is', '?']]",I know! That's why we got to find Monica!! You know where she is?
trn,e24,c15,u013,Chandler Bing,Peaceful,"[['No', '!!'], ['Okay', '!!'], ['What', ""'s"", 'with', 'the', 'third', 'degree', '?!'], ['Why', 'do', ""n't"", 'you', 'just', 'shine', 'a', 'light', 'in', 'my', 'eyes', '?!']]",No!! Okay!! What's with the third degree?! Why don't you just shine a light in my eyes?!
trn,e24,c16,u002,Judy Geller,Joyful,"[['Oh', 'my', 'God', '!'], ['It', ""'s"", 'like', 'a', 'fairyland', '.']]",Oh my God! It's like a fairyland.
trn,e24,c16,u003,Andrea Waltham,Powerful,"[['I', 'know', ',', 'it', ""'s"", 'horrible', 'is', ""n't"", 'it', '?']]","I know, it's horrible isn't it?"
trn,e24,c16,u004,Monica Geller,Peaceful,"[['Well', ',', 'I', 'love', 'it', '.'], ['I', 'only', 'hope', 'my', 'wedding', 'looks', 'this', 'good', '.']]","Well, I love it. I only hope my wedding looks this good."
trn,e24,c16,u005,Judy Geller,Joyful,"[['I', 'just', 'hope', '...']]",I just hope...
trn,e24,c16,u006,Monica Geller,Mad,"[['You', 'can', 'let', 'some', 'of', 'them', 'go', 'by', '!']]",You can let some of them go by!
trn,e24,c16,u007,Joey Tribbiani,Scared,"[['Pisst', ',', 'Monica', '.'], ['Alright', ',', 'we', 'really', 'need', 'to', 'start', 'looking', 'out', 'for', 'Rachel', '.'], ['I', ""'ll"", 'cover', 'the', 'front', 'door', '.'], ['You', 'watch', 'that', 'big', 'hole', 'at', 'the', 'back', 'of', 'the', 'building', 'and', 'I', 'got', 'Chandler', 'covering', 'Ross', '.']]","Pisst, Monica. Alright, we really need to start looking out for Rachel. I'll cover the front door. You watch that big hole at the back of the building and I got Chandler covering Ross."
trn,e24,c16,u008,Monica Geller,Powerful,"[['Why', 'would', 'I', 'care', 'where', 'Chandler', 'is', '?'], ['You', 'know', 'uhh', '...'], ['You', 'know', 'sometimes', 'I', 'do', ""n't"", 'even', 'like', 'Chandler', '.']]",Why would I care where Chandler is? You know uhh...You know sometimes I don't even like Chandler.
trn,e24,c16,u009,Joey Tribbiani,Neutral,"[['Okay', '.']]",Okay.
trn,e24,c16,u011,Ross Geller,Scared,"[['I', 'do', '.'], ['I', 'do', '.'], ['I', 'do', '.']]",I do. I do. I do.
trn,e24,c16,u012,Chandler Bing,Joyful,"[['Oh', 'yea', ',', 'your', 'right', '.'], ['It', ""'s"", 'the', 'second', 'one', '.']]","Oh yea, your right. It's the second one."
trn,e24,c16,u013,Ross Geller,Scared,"[['Really', '?']]",Really?
trn,e24,c17,u002,Felicity,Peaceful,"[['Hello', 'Joey', '.']]",Hello Joey.
trn,e24,c17,u003,Joey Tribbiani,Peaceful,"[['Hey', ',', 'Felicity', '.']]","Hey, Felicity."
trn,e24,c17,u004,Felicity,Peaceful,"[['Umm', ',', 'I', 'thought', 'about', 'you', 'all', 'day', '.']]","Umm, I thought about you all day."
trn,e24,c17,u005,Joey Tribbiani,Peaceful,"[['Yeah', '.']]",Yeah.
trn,e24,c17,u006,Felicity,Peaceful,"[['Um', '-', 'hum', '.'], ['Talk', 'New', 'York', 'to', 'me', 'again', '.']]",Um-hum. Talk New York to me again.
trn,e24,c17,u007,Joey Tribbiani,Peaceful,"[['Fuggetaboutit', '.'], ['How', 'you', 'doin', '?']]",Fuggetaboutit. How you doin?
trn,e24,c17,u008,Felicity,Peaceful,"[['Mmm', '.']]",Mmm.
trn,e24,c17,u009,Joey Tribbiani,Peaceful,"[['Oh', ',', 'yeah', '.']]","Oh, yeah."
trn,e24,c17,u011,Judy Geller,Peaceful,"[['There', ""'s"", 'nothing', 'to', 'discuss', '.'], ['We', ""'re"", 'not', 'paying', 'for', 'your', 'wine', 'cellar', '.']]",There's nothing to discuss. We're not paying for your wine cellar.
trn,e24,c17,u012,Stephen Waltham,Peaceful,"[['You', '-', 'you', 'have', 'to', 'meet', 'me', 'in', 'the', 'middle', 'here', '.']]",You-you have to meet me in the middle here.
trn,e24,c17,u013,Jack Geller,Mad,"[['Hey', ',', 'you', 'keep', 'pushing', 'me', 'on', 'this', ',', 'my', 'foots', 'going', 'to', 'meet', 'the', 'middle', 'of', 'your', 'ass', '.']]","Hey, you keep pushing me on this, my foots going to meet the middle of your ass."
trn,e24,c17,u014,Ross Geller,Scared,"[['Dad', '!!']]",Dad!!
trn,e24,c17,u015,Emily Waltham,Scared,"[['What', '-', 'what', ""'s"", 'going', 'on', '?!']]",What-what's going on?!
trn,e24,c17,u016,Ross Geller,Powerful,"[['Nothing', ',', 'nothing', '.'], ['Everything', ""'s"", 'under', 'control', '.']]","Nothing, nothing. Everything's under control."
trn,e24,c17,u017,Stephen Waltham,Mad,"[['You', 'want', 'a', 'piece', 'of', 'me', ',', 'sir', '?'], ['Is', 'that', 'what', 'your', 'saying', '?'], ['You', 'want', 'a', 'piece', 'of', 'me', '?']]","You want a piece of me, sir? Is that what your saying? You want a piece of me?"
trn,e24,c17,u018,Ross Geller,Mad,"[['Okay', '!'], ['Okay', '!'], ['That', ""'s"", 'it', '!!'], ['Parents', '!!'], ['Parents', '!!'], ['Back', 'away', '!!'], ['All', 'right', ',', 'this', 'is', 'our', 'wedding', 'day', '!'], ['From', 'now', 'on', 'everyone', 'gets', 'along', ',', 'and', 'if', 'I', 'hear', 'one', 'more', 'word', '.'], ['NO', 'GRANDCHILDREN', '!'], ['That', ""'s"", 'right', '!!']]","Okay! Okay! That's it!! Parents!! Parents!! Back away!! All right, this is our wedding day! From now on everyone gets along, and if I hear one more word. NO GRANDCHILDREN! That's right!!"
trn,e24,c17,u019,Jack Geller,Scared,"[['Okay', ',', 'okay', '.']]","Okay, okay."
trn,e24,c17,u020,Stephen Waltham,Mad,"[['Sorry', 'old', 'boy', ',', 'sorry', '.'], ['Sorry', '.'], ['Sorry', '.'], ['I', 'could', 'kill', 'you', 'with', 'my', 'thumb', ',', 'you', 'know', '.']]","Sorry old boy, sorry. Sorry. Sorry. I could kill you with my thumb, you know."
trn,e24,c17,u021,Emily Waltham,Scared,"[['What', 'was', 'all', 'that', 'about', '?']]",What was all that about?
trn,e24,c17,u022,Ross Geller,Joyful,"[['It', 'was', '...'], ['This', 'disagreement', 'over', '...'], ['My', 'god', '.'], ['You', '...'], ['you', 'look', 'beautiful', '.']]",It was...This disagreement over... My god. You...you look beautiful.
trn,e24,c17,u023,Emily Waltham,Peaceful,"[['Ohh', '...'], ['Oh', '!'], ['You', 'were', 'not', 'meant', 'to', 'see', 'me', 'before', 'the', 'wedding', '.'], ['It', ""'s"", 'bad', 'luck', '.']]",Ohh... Oh! You were not meant to see me before the wedding. It's bad luck.
trn,e24,c17,u024,Ross Geller,Peaceful,"[['You', 'know', 'what', ',', 'I', 'think', 'we', ""'ve"", 'had', 'all', 'the', 'bad', 'luck', 'we', ""'re"", 'going', 'to', 'have', '.']]","You know what, I think we've had all the bad luck we're going to have."
trn,e24,c17,u026,Ross Geller,Joyful,"[['My', 'God', '.'], ['Rachel', '!'], ['Your', 'here', '.'], ['I', 'ca', ""n't"", 'believe', 'it', '.'], ['What', 'happen', '?'], ['Why', 'are', 'you', 'here', '?']]",My God. Rachel! Your here. I can't believe it. What happen? Why are you here?
trn,e24,c17,u027,Rachel Green,Peaceful,"[['Well', 'I', 'just', 'came', '...'], ['I', 'just', 'needed', 'to', 'tell', 'you', '...'], ['Congratulations', '.']]",Well I just came... I just needed to tell you... Congratulations.
trn,e24,c21,u002,Monica Geller,Powerful,"[['You', 'really', 'think', 'this', 'is', 'okay', '?']]",You really think this is okay?
trn,e24,c21,u003,Chandler Bing,Peaceful,"[['Well', ',', 'Ross', 'and', 'Emily', 'are', ""n't"", 'gon', 'na', 'use', 'it', '.']]","Well, Ross and Emily aren't gonna use it."
trn,e24,c21,u004,Monica Geller,Joyful,"[['Oh', ',', 'it', ""'s"", 'so', 'beautiful', '.'], ['Ohh', '!'], [""Y'know"", ',', 'I', '-', 'I', 'do', ""n't"", 'know', 'if', 'I', 'feel', 'right', 'about', 'this', '.']]","Oh, it's so beautiful. Ohh! Y'know, I-I don't know if I feel right about this."
trn,e24,c21,u005,Chandler Bing,Powerful,"[['Oh', 'Mon', '-', 'Mon', '-', 'Mon', '-', 'Mon', '-', 'look', ',', 'this', 'is', 'the', 'honeymoon', 'suite', '.'], ['The', 'room', 'expects', 'sex', '.'], ['The', 'room', 'would', 'be', 'disappointed', 'if', 'it', 'did', ""n't"", 'get', 'sex', '.'], ['All', 'of', 'the', 'other', 'honeymoon', 'suites', 'would', 'think', 'it', 'was', 'a', 'loser', '.']]","Oh Mon-Mon-Mon-Mon-look, this is the honeymoon suite. The room expects sex. The room would be disappointed if it didn't get sex. All of the other honeymoon suites would think it was a loser."
trn,e24,c21,u006,Monica Geller,Powerful,"[['Okay', '!']]",Okay!
trn,e24,c21,u007,Chandler Bing,Neutral,"[['Okay', '!']]",Okay!
trn,e24,c21,u009,Ross Geller,Scared,"[['Emily', '?!']]",Emily?!
trn,e24,c21,u010,Chandler Bing,Peaceful,"[['Nope', ',', 'not', 'under', 'here', '!']]","Nope, not under here!"
trn,e24,c21,u011,Monica Geller,Scared,"[['You', 'did', ""n't"", 'find', 'her', '?']]",You didn't find her?
trn,e24,c21,u012,Ross Geller,Scared,"[['No', ',', 'I', ""'ve"", 'looked', 'everywhere', '!']]","No, I've looked everywhere!"
trn,e24,c21,u013,Chandler Bing,Joyful,"[['Well', ',', 'you', 'could', ""n't"", 'have', 'looked', 'everywhere', 'or', 'else', 'you', 'would', ""'ve"", 'found', 'her', '!']]","Well, you couldn't have looked everywhere or else you would've found her!"
trn,e24,c21,u014,Monica Geller,Joyful,"[['Yeah', ',', 'I', 'think', 'you', 'should', 'keep', 'looking', '!']]","Yeah, I think you should keep looking!"
trn,e24,c21,u015,Chandler Bing,Neutral,"[['Yeah', ',', 'for', 'about', '30', 'minutes', '.']]","Yeah, for about 30 minutes."
trn,e24,c21,u016,Monica Geller,Peaceful,"[['Or', '45', '.']]",Or 45.
trn,e24,c21,u017,Chandler Bing,Peaceful,"[['Wow', ',', 'in', '45', 'minutes', 'you', 'can', 'find', 'her', 'twice', '.']]","Wow, in 45 minutes you can find her twice."
trn,e24,c21,u018,Ross Geller,Peaceful,"[['No', '!'], ['For', 'all', 'I', 'know', ',', 'she', ""'s"", 'trying', 'to', 'find', 'me', 'but', 'could', ""n't"", 'because', 'I', 'kept', 'moving', 'around', '.'], ['No', ',', 'from', 'now', 'on', ',', 'I', ""'m"", 'staying', 'in', 'one', 'place', '.'], ['Right', 'here', '.']]","No! For all I know, she's trying to find me but couldn't because I kept moving around. No, from now on, I'm staying in one place. Right here."
trn,e24,c21,u019,Monica Geller,Peaceful,"[['Well', ',', 'it', ""'s"", 'getting', 'late', '.']]","Well, it's getting late."
trn,e24,c21,u020,Chandler Bing,Powerful,"[['Yeah', ',', 'we', ""'re"", 'gon', 'na', 'go', '.']]","Yeah, we're gonna go."
trn,e24,c21,u021,Ross Geller,Peaceful,"[['Actually', ',', 'do', 'you', 'guys', 'mind', 'staying', 'here', 'for', 'a', 'while', '?']]","Actually, do you guys mind staying here for a while?"
trn,e24,c21,u022,Monica Geller,Peaceful,"[['Ugh', ',', ""y'know"", ',', 'umm', 'we', 'got', 'ta', 'get', 'up', 'early', 'and', 'catch', 'that', 'plane', 'for', 'New', 'York', '.']]","Ugh, y'know, umm we gotta get up early and catch that plane for New York."
trn,e24,c21,u023,Chandler Bing,Powerful,"[['Yeah', ',', 'it', ""'s"", 'a', 'very', 'large', 'plane', '.']]","Yeah, it's a very large plane."
trn,e24,c21,u024,Ross Geller,Powerful,"[['That', ""'s"", 'cool', '.']]",That's cool.
trn,e24,c21,u025,Chandler Bing,Powerful,"[['But', ',', 'we', ""'ll"", 'stay', 'here', 'with', 'you', '.']]","But, we'll stay here with you."
trn,e24,c21,u026,Ross Geller,Joyful,"[['Thanks', 'guys', '!'], ['I', 'really', 'appreciate', 'this', ',', ""y'know"", ',', 'but', 'you', 'do', ""n't"", 'have', 'to', 'rub', 'my', 'butt', '.']]","Thanks guys! I really appreciate this, y'know, but you don't have to rub my butt."
trn,e24,c22,u002,Chandler Bing,Peaceful,"[['We', 'have', 'to', 'leave', 'for', 'New', 'York', 'in', 'an', 'hour', '.']]",We have to leave for New York in an hour.
trn,e24,c22,u003,Monica Geller,Scared,"[['I', 'know', ',', 'I', ""'ve"", 'been', 'looking', 'at', 'those', 'doors', ',', 'they', 'look', 'pretty', 'sound', 'proof', ',', 'do', ""n't"", 'you', 'think', '?']]","I know, I've been looking at those doors, they look pretty sound proof, don't you think?"
trn,e24,c22,u004,Chandler Bing,Scared,"[['We', 'ca', ""n't"", 'do', 'that', 'that', ""'s"", 'insane', '.'], ['I', 'mean', ""'"", 'A', ""'"", 'he', 'could', 'wake', 'up', 'and', ""'"", 'B', ""'"", ""y'know"", ',', 'let', ""'s"", 'go', 'for', 'it', '.']]","We can't do that that's insane. I mean 'A' he could wake up and 'B' y'know, let's go for it."
trn,e24,c22,u006,Ross Geller,Scared,"[['Em-Emily', '?'], ['Em-Emily', '?'], ['Emily', '!']]",Em-Emily? Em-Emily? Emily!
trn,e24,c22,u007,Stephen Waltham,Scared,"[['No', '.']]",No.
trn,e24,c22,u008,Andrea Waltham,Powerful,"[['You', 'can', 'forget', 'about', 'Emily', ',', 'she', ""'s"", 'not', 'with', 'us', '.']]","You can forget about Emily, she's not with us."
trn,e24,c22,u009,Stephen Waltham,Scared,"[['We', ""'ve"", 'come', 'for', 'her', 'things', '.']]",We've come for her things.
trn,e24,c22,u010,Ross Geller,Scared,"[['Wait', ',', 'well', 'wh', '-', 'wh', '-', 'wh', '-', 'where', 'is', 'she', '?']]","Wait, well wh-wh-wh-where is she?"
trn,e24,c22,u011,Stephen Waltham,Mad,"[['She', ""'s"", 'in', 'hiding', '.'], ['She', ""'s"", 'utterly', 'humiliated', '.'], ['She', 'does', ""n't"", 'want', 'to', 'see', 'you', 'ever', 'again', '.']]",She's in hiding. She's utterly humiliated. She doesn't want to see you ever again.
trn,e24,c22,u012,Andrea Waltham,Joyful,"[['We', ""'re"", 'very', 'sad', 'that', 'it', 'did', ""n't"", 'work', 'out', 'between', 'you', 'and', 'Emily', ',', 'monkey', '.'], ['But', ',', 'I', 'think', 'you', ""'re"", 'absolutely', 'delicious', '.']]","We're very sad that it didn't work out between you and Emily, monkey. But, I think you're absolutely delicious."
trn,e24,c22,u013,Stephen Waltham,Powerful,"[['Excuse', 'me', ',', 'I', ""'m"", 'standing', 'right', 'here', '!']]","Excuse me, I'm standing right here!"
trn,e24,c22,u014,Andrea Waltham,Joyful,"[['Oh', 'yes', ',', 'there', 'you', 'are', '.']]","Oh yes, there you are."
trn,e24,c22,u015,Rachel Green,Joyful,"[['Hey', '-', 'hey', ',', 'you', 'guys', 'oh', 'hurry', 'up', ',', 'get', 'some', ',', 'there', ""'s"", 'a', 'whole', 'cart', 'outside', '...']]","Hey-hey, you guys oh hurry up, get some, there's a whole cart outside..."
trn,e24,c22,u016,Stephen Waltham,Powerful,"[['Goodbye', 'Geller', '.']]",Goodbye Geller.
trn,e24,c22,u017,Ross Geller,Mad,"[['Now', ',', 'hold', 'on', '!'], ['Hold', 'on', '!'], ['Look', ',', 'look', ',', 'your', 'daughter', 'and', 'I', 'are', 'supposed', 'to', 'leave', 'tonight', 'for', 'our', 'honeymoon', ',', 'now', '-', 'now', 'you', '-', 'you', 'tell', 'her', 'that', 'I', ""'m"", 'gon', 'na', 'be', 'at', 'that', 'airport', 'and', 'I', 'hope', 'that', 'she', ""'ll"", 'be', 'there', 'too', '!'], ['Oh', 'yeah', ',', 'I', 'said', 'Rachel', ""'s"", 'name', ',', 'but', 'it', 'did', ""n't"", 'mean', 'anything', ',', 'Okay', '?'], ['She', ""'s"", '-', 'she', ""'s"", 'just', 'a', 'friend', 'and', 'that', ""'s"", 'all', '!'], ['That', ""'s"", 'all', '!'], ['Now', 'just', 'tell', 'Emily', 'that', 'I', 'love', 'her', 'and', 'that', 'I', 'ca', ""n't"", 'imagine', 'spending', 'my', 'life', 'with', 'anyone', 'else', '.'], ['Please', ',', 'promise', 'me', 'that', 'you', ""'ll"", 'tell', 'her', 'that', '.']]","Now, hold on! Hold on! Look, look, your daughter and I are supposed to leave tonight for our honeymoon, now-now you-you tell her that I'm gonna be at that airport and I hope that she'll be there too! Oh yeah, I said Rachel's name, but it didn't mean anything, Okay? She's-she's just a friend and that's all! That's all! Now just tell Emily that I love her and that I can't imagine spending my life with anyone else. Please, promise me that you'll tell her that."
trn,e24,c22,u018,Stephen Waltham,Joyful,"[['All', 'right', ',', 'I', ""'ll"", 'tell', 'her', '.'], ['Come', 'on', 'bugger', 'face', '!']]","All right, I'll tell her. Come on bugger face!"
trn,e24,c22,u019,Andrea Waltham,Joyful,"[['Call', 'me', '.']]",Call me.
trn,e24,c22,u020,Stephen Waltham,Mad,"[['You', 'spend', 'half', 'your', 'life', 'in', 'the', 'bathroom', ',', 'why', 'do', ""n't"", 'you', 'ever', 'go', 'out', 'the', 'bloody', 'window', '!']]","You spend half your life in the bathroom, why don't you ever go out the bloody window!"
trn,e24,c23,u002,Monica Geller,Joyful,"[[""Y'know"", ',', 'maybe', 'it', ""'s"", 'best', 'that', 'we', 'never', 'got', 'to', 'do', 'it', 'again', '.']]","Y'know, maybe it's best that we never got to do it again."
trn,e24,c23,u003,Chandler Bing,Joyful,"[['Yeah', ',', 'it', 'kinda', 'makes', 'that', '-', 'that', 'one', 'night', 'special', '.'], [""Y'know"", ',', 'technically', 'we', 'still', 'are', 'over', 'international', 'waters', '.']]","Yeah, it kinda makes that-that one night special. Y'know, technically we still are over international waters."
trn,e24,c23,u004,Monica Geller,Powerful,"[['I', ""'m"", 'gon', 'na', 'go', 'to', 'the', 'bathroom', ',', 'maybe', 'I', ""'ll"", 'see', 'you', 'there', 'in', 'a', 'bit', '?']]","I'm gonna go to the bathroom, maybe I'll see you there in a bit?"
trn,e24,c23,u005,Chandler Bing,Powerful,"[[""'"", 'Kay', '!']]",'Kay!
trn,e24,c23,u007,Joey Tribbiani,Peaceful,"[['Can', 'I', 'ask', 'you', 'something', '?']]",Can I ask you something?
trn,e24,c23,u008,Chandler Bing,Sad,"[['Uhh', ',', 'no', '.']]","Uhh, no."
trn,e24,c23,u009,Joey Tribbiani,Joyful,"[['Felicity', 'and', 'I', ',', 'we', ""'re"", 'watching', 'My', 'Giant', ',', 'and', 'I', 'was', 'thinking', ',', '""', 'I', ""'m"", 'never', 'gon', 'na', 'be', 'as', 'good', 'an', 'actor', 'as', 'that', 'giant', '.', '""'], ['Do', 'you', 'think', 'I', ""'m"", 'just', 'wasting', 'my', 'life', 'with', 'this', 'acting', 'thing', '?']]","Felicity and I, we're watching My Giant, and I was thinking, ""I'm never gonna be as good an actor as that giant."" Do you think I'm just wasting my life with this acting thing?"
trn,e24,c23,u010,Chandler Bing,Joyful,"[['No', '.']]",No.
trn,e24,c23,u011,Joey Tribbiani,Powerful,"[['I', 'mean', ',', 'the', 'giant', 'is', 'like', 'five', 'years', 'younger', 'than', 'me', ',', ""y'know"", ',', 'you', 'think', 'I', ""'ll"", 'ever', 'get', 'there', '?']]","I mean, the giant is like five years younger than me, y'know, you think I'll ever get there?"
trn,e24,c23,u012,Chandler Bing,Peaceful,"[['Yes', '.']]",Yes.
trn,e24,c23,u013,Joey Tribbiani,Peaceful,"[['Thanks', 'man', '.']]",Thanks man.
trn,e24,c23,u014,Chandler Bing,Peaceful,"[['Okay', 'man', '.']]",Okay man.
trn,e24,c23,u015,Joey Tribbiani,Scared,"[['But', 'what', 'about', 'how', 'much', 'taller', 'he', 'is', 'than', 'me', '?']]",But what about how much taller he is than me?
trn,e24,c23,u017,Joey Tribbiani,Scared,"[['I', 'mean', ',', 'there', ""'s"", 'no', 'way', 'I', 'can', 'make', 'myself', 'taller', 'now', ',', ""y'know"", '?'], ['And', 'who', 'knows', 'what', 'science', 'will', 'come', 'up', 'with', 'in', 'the', 'future', ',', 'but', 'Chandler', ',', 'what', 'if', 'I', 'die', 'an', 'unsuccessful', ',', 'regular', 'sized', 'man', '?']]","I mean, there's no way I can make myself taller now, y'know? And who knows what science will come up with in the future, but Chandler, what if I die an unsuccessful, regular sized man?"
trn,e24,c23,u019,Joey Tribbiani,Scared,"[['Hey', ',', 'Monica', ',', 'wow', 'you', ""'ve"", 'been', 'in', 'the', 'bathroom', 'for', 'like', 'a', 'half', '-', 'hour', '.']]","Hey, Monica, wow you've been in the bathroom for like a half-hour."
trn,e24,c23,u020,Monica Geller,Peaceful,"[['I', 'know', '!']]",I know!
trn,e24,c23,u021,Joey Tribbiani,Powerful,"[['Had', 'the', 'beef', '-', 'tips', ',', 'huh', '?']]","Had the beef-tips, huh?"
trn,e24,c25,u002,Rachel Green,Neutral,"[['Ahh', ',', 'yes', ',', 'I', 'will', 'have', 'a', 'glass', 'of', 'the', 'Merlot']]","Ahh, yes, I will have a glass of the Merlot"
trn,e24,c25,u003,Air Hostess,Neutral,"[['Okay', '.']]",Okay.
trn,e24,c25,u004,Rachel Green,Neutral,"[['And', 'uh', ',', 'he', 'will', 'have', 'a', 'white', 'wine', 'spritzer', '.']]","And uh, he will have a white wine spritzer."
trn,e24,c25,u005,Air Hostess,Joyful,"[['Okay', ',', 'good', '.'], ['Thank', 'you', '.'], ['I', ""'ll"", 'be', 'back', 'shortly', ',', 'all', 'right', '?']]","Okay, good. Thank you. I'll be back shortly, all right?"
trn,e24,c25,u006,Rachel Green,Scared,"[['All', 'right', '.'], ['Woo', '!'], ['Hey', ',', 'look', 'at', 'that', ',', 'the', 'airport', ""'s"", 'moving', '.'], ['Hey', ',', 'are', 'we', 'moving', '?!'], ['Are', 'we', 'moving', '?'], ['Why', 'are', 'we', 'moving', '?'], ['They', 'said', 'they', 'were', 'gon', 'na', 'wait', '!'], ['Miss', '?'], ['Yeah', ',', 'does', 'the', 'captain', 'know', 'that', 'we', ""'re"", 'moving', '?'], ['Oh', 'my', '...'], ['Ross', ',', 'you', 'better', 'be', 'under', 'the', 'wheels', 'of', 'this', 'thing', '!!']]","All right. Woo! Hey, look at that, the airport's moving. Hey, are we moving?! Are we moving? Why are we moving? They said they were gonna wait! Miss? Yeah, does the captain know that we're moving? Oh my... Ross, you better be under the wheels of this thing!!"
